[
  {
    "name": "Phone Parts",
    "description": "Replacement parts for smartphones including screens, batteries, cameras, and more.",
    "slug": "phone-parts",
    "imageUrl": "/images/categories/phone-parts.jpg"
  },
  {
    "name": "Tablet Parts",
    "description": "Replacement parts for tablets including screens, batteries, and other components.",
    "slug": "tablet-parts",
    "imageUrl": "/images/categories/tablet-parts.jpg"
  },
  {
    "name": "Accessories",
    "description": "Cases, chargers, screen protectors, and other accessories for mobile devices.",
    "slug": "accessories",
    "imageUrl": "/images/categories/accessories.jpg"
  },
  {
    "name": "Repair Tools",
    "description": "Professional repair tools and kits for mobile device repair.",
    "slug": "repair-tools",
    "imageUrl": "/images/categories/repair-tools.jpg"
  },
  {
    "name": "Refurbished Devices",
    "description": "Quality refurbished phones and tablets at great prices.",
    "slug": "refurbished-devices",
    "imageUrl": "/images/categories/refurbished-devices.jpg"
  },
  {
    "name": "Wholesale",
    "description": "Bulk parts and supplies for repair shops and businesses.",
    "slug": "wholesale",
    "imageUrl": "/images/categories/wholesale.jpg"
  }
]