[
  {
    "name": "iPhone 13 Pro OLED Screen Replacement",
    "description": "OEM quality OLED screen replacement for iPhone 13 Pro. Includes digitizer and frame.",
    "price": 149.99,
    "originalPrice": 179.99,
    "imageUrl": "/images/products/iphone-13-screen.jpg",
    "stock": 45,
    "categoryId": 1
  },
  {
    "name": "Samsung Galaxy S22 Battery Replacement",
    "description": "Original quality battery replacement for Samsung Galaxy S22 with installation tools included.",
    "price": 39.99,
    "originalPrice": 49.99,
    "imageUrl": "/images/products/samsung-s22-battery.jpg",
    "stock": 78,
    "categoryId": 1
  },
  {
    "name": "iPad Pro 12.9 (5th Gen) LCD Screen Replacement",
    "description": "High-quality replacement LCD screen for iPad Pro 12.9-inch 5th generation. Includes digitizer assembly.",
    "price": 199.99,
    "originalPrice": 249.99,
    "imageUrl": "/images/products/ipad-pro-screen.jpg",
    "stock": 32,
    "categoryId": 2
  },
  {
    "name": "Professional 16-in-1 Repair Tool Kit",
    "description": "Complete professional repair tool kit with precision screwdrivers, pry tools, and tweezers for phone and tablet repair.",
    "price": 24.99,
    "originalPrice": 34.99,
    "imageUrl": "/images/products/repair-tool-kit.jpg",
    "stock": 120,
    "categoryId": 4
  },
  {
    "name": "Premium Tempered Glass Screen Protector Pack (3-Pack)",
    "description": "Pack of 3 premium tempered glass screen protectors with 9H hardness and oleophobic coating.",
    "price": 12.99,
    "originalPrice": 19.99,
    "imageUrl": "/images/products/screen-protector-pack.jpg",
    "stock": 200,
    "categoryId": 3
  },
  {
    "name": "Fast Wireless Charging Stand 15W",
    "description": "15W fast wireless charging stand compatible with Qi-enabled devices. Includes USB-C cable.",
    "price": 29.99,
    "originalPrice": 39.99,
    "imageUrl": "/images/products/wireless-charger.jpg",
    "stock": 85,
    "categoryId": 3
  },
  {
    "name": "Refurbished iPhone 12 Pro - 128GB Unlocked",
    "description": "Refurbished iPhone 12 Pro in excellent condition. 128GB storage, fully unlocked, includes 1-year warranty.",
    "price": 599.99,
    "originalPrice": 799.99,
    "imageUrl": "/images/products/refurbished-iphone-12.jpg",
    "stock": 15,
    "categoryId": 5
  },
  {
    "name": "Wholesale iPhone Screen Replacement Bundle (10-Pack)",
    "description": "Wholesale bundle of 10 iPhone screen replacements for various models. Perfect for repair shops.",
    "price": 899.99,
    "originalPrice": 1199.99,
    "imageUrl": "/images/products/wholesale-screens.jpg",
    "stock": 8,
    "categoryId": 6
  }
]