[
  {
    "username": "admin",
    "password": "$2b$10$dJUHGJa6NVfAD.DwjEQTZeGbJWzLLGR8YjQOW2M8Zk.P.aPFlOvry", 
    "email": "admin@midastechsolutions.com",
    "firstName": "Admin",
    "lastName": "User",
    "phone": "555-123-4567"
  },
  {
    "username": "johnsmith",
    "password": "$2b$10$dJUHGJa6NVfAD.DwjEQTZeGbJWzLLGR8YjQOW2M8Zk.P.aPFlOvry",
    "email": "john.smith@example.com",
    "firstName": "John",
    "lastName": "Smith",
    "phone": "555-987-6543"
  },
  {
    "username": "sarahjones",
    "password": "$2b$10$dJUHGJa6NVfAD.DwjEQTZeGbJWzLLGR8YjQOW2M8Zk.P.aPFlOvry",
    "email": "sarah.jones@example.com",
    "firstName": "Sarah",
    "lastName": "Jones",
    "phone": "555-234-5678"
  }
]